orderId;finalState;printer;assignmentCount;validationCount;printingCount;qualityControlCount
1;APPROVED;P-0-0;1;1;1;1
2;APPROVED;P-0-1;1;1;1;1
3;APPROVED;P-0-2;1;1;1;1
4;APPROVED;P-0-5;1;1;1;1
5;REJECTED;P-0-4;1;1;0;0
6;APPROVED;P-0-3;1;1;1;1
7;REJECTED;P-0-7;1;1;0;0
8;PRINT_FAILED;P-0-6;1;1;1;0
9;APPROVED;P-0-8;1;1;1;1
10;APPROVED;P-0-9;1;1;1;1
11;APPROVED;P-0-10;1;1;1;1
12;APPROVED;P-0-11;1;1;1;1
13;APPROVED;P-0-14;1;1;1;1
14;APPROVED;P-0-13;1;1;1;1
15;APPROVED;P-0-12;1;1;1;1
16;APPROVED;P-0-17;1;1;1;1
17;APPROVED;P-0-15;1;1;1;1
18;PRINT_FAILED;P-0-16;1;1;1;0
19;APPROVED;P-0-0;1;1;1;1
20;APPROVED;P-0-2;1;1;1;1
21;APPROVED;P-0-18;1;1;1;1
22;APPROVED;P-0-4;1;1;1;1
23;APPROVED;P-0-19;1;1;1;1
24;APPROVED;P-1-0;1;1;1;1
25;APPROVED;P-1-1;1;1;1;1
26;APPROVED;P-1-2;1;1;1;1
27;APPROVED;P-0-1;1;1;1;1
28;APPROVED;P-0-3;1;1;1;1
29;APPROVED;P-1-4;1;1;1;1
30;APPROVED;P-1-3;1;1;1;1
31;REJECTED;P-1-6;1;1;0;0
32;APPROVED;P-0-5;1;1;1;1
33;APPROVED;P-1-5;1;1;1;1
34;DEFECTIVE;P-1-7;1;1;1;1
35;PRINT_FAILED;P-0-7;1;1;1;0
36;APPROVED;P-1-8;1;1;1;1
37;APPROVED;P-0-8;1;1;1;1
38;APPROVED;P-1-10;1;1;1;1
39;APPROVED;P-1-9;1;1;1;1
40;APPROVED;P-1-11;1;1;1;1
41;APPROVED;P-1-12;1;1;1;1
42;APPROVED;P-1-13;1;1;1;1
43;APPROVED;P-0-9;1;1;1;1
44;APPROVED;P-1-14;1;1;1;1
45;APPROVED;P-1-15;1;1;1;1
46;APPROVED;P-1-16;1;1;1;1
47;APPROVED;P-1-17;1;1;1;1
48;APPROVED;P-1-18;1;1;1;1
49;APPROVED;P-0-10;1;1;1;1
50;APPROVED;P-1-19;1;1;1;1
51;REJECTED;P-0-11;1;1;0;0
52;APPROVED;P-2-0;1;1;1;1
53;APPROVED;P-0-13;1;1;1;1
54;REJECTED;P-2-1;1;1;0;0
55;APPROVED;P-2-4;1;1;1;1
56;REJECTED;P-2-2;1;1;0;0
57;APPROVED;P-2-3;1;1;1;1
58;PRINT_FAILED;P-2-5;1;1;1;0
59;APPROVED;P-2-6;1;1;1;1
60;APPROVED;P-0-12;1;1;1;1
61;APPROVED;P-2-7;1;1;1;1
62;APPROVED;P-0-15;1;1;1;1
63;APPROVED;P-2-8;1;1;1;1
64;APPROVED;P-0-14;1;1;1;1
65;DEFECTIVE;P-2-10;1;1;1;1
66;REJECTED;P-2-9;1;1;0;0
67;APPROVED;P-2-13;1;1;1;1
68;APPROVED;P-2-11;1;1;1;1
69;APPROVED;P-2-12;1;1;1;1
70;APPROVED;P-0-17;1;1;1;1
71;PRINT_FAILED;P-2-15;1;1;1;0
72;APPROVED;P-2-14;1;1;1;1
73;APPROVED;P-2-17;1;1;1;1
74;APPROVED;P-0-18;1;1;1;1
75;REJECTED;P-2-16;1;1;0;0
76;REJECTED;P-2-19;1;1;0;0
77;APPROVED;P-0-0;1;1;1;1
78;APPROVED;P-2-18;1;1;1;1
79;APPROVED;P-0-4;1;1;1;1
80;APPROVED;P-3-1;1;1;1;1
81;APPROVED;P-3-0;1;1;1;1
82;REJECTED;P-3-3;1;1;0;0
83;APPROVED;P-3-4;1;1;1;1
84;APPROVED;P-3-2;1;1;1;1
85;APPROVED;P-3-6;1;1;1;1
86;APPROVED;P-0-2;1;1;1;1
87;APPROVED;P-3-5;1;1;1;1
88;APPROVED;P-0-19;1;1;1;1
89;REJECTED;P-3-7;1;1;0;0
90;APPROVED;P-3-8;1;1;1;1
91;APPROVED;P-1-0;1;1;1;1
92;APPROVED;P-3-10;1;1;1;1
93;PRINT_FAILED;P-3-9;1;1;1;0
94;REJECTED;P-0-1;1;1;0;0
95;APPROVED;P-3-12;1;1;1;1
96;PRINT_FAILED;P-3-11;1;1;1;0
97;APPROVED;P-1-1;1;1;1;1
98;DEFECTIVE;P-3-13;1;1;1;1
99;REJECTED;P-3-14;1;1;0;0
100;APPROVED;P-0-3;1;1;1;1
101;REJECTED;P-3-16;1;1;0;0
102;APPROVED;P-3-15;1;1;1;1
103;APPROVED;P-3-17;1;1;1;1
104;APPROVED;P-3-18;1;1;1;1
105;APPROVED;P-3-19;1;1;1;1
106;DEFECTIVE;P-1-2;1;1;1;1
107;APPROVED;P-4-1;1;1;1;1
108;PRINT_FAILED;P-4-0;1;1;1;0
109;PRINT_FAILED;P-1-4;1;1;1;0
110;APPROVED;P-4-3;1;1;1;1
111;APPROVED;P-4-2;1;1;1;1
112;APPROVED;P-1-6;1;1;1;1
113;APPROVED;P-4-4;1;1;1;1
114;PRINT_FAILED;P-1-3;1;1;1;0
115;APPROVED;P-1-5;1;1;1;1
116;REJECTED;P-4-6;1;1;0;0
117;APPROVED;P-4-5;1;1;1;1
118;PRINT_FAILED;P-4-8;1;1;1;0
119;REJECTED;P-0-5;1;1;0;0
120;APPROVED;P-4-7;1;1;1;1
121;PRINT_FAILED;P-4-11;1;1;1;0
122;APPROVED;P-4-10;1;1;1;1
123;APPROVED;P-4-9;1;1;1;1
124;APPROVED;P-4-13;1;1;1;1
125;APPROVED;P-4-12;1;1;1;1
126;REJECTED;P-4-14;1;1;0;0
127;APPROVED;P-4-15;1;1;1;1
128;APPROVED;P-4-17;1;1;1;1
129;APPROVED;P-4-16;1;1;1;1
130;APPROVED;P-1-8;1;1;1;1
131;REJECTED;P-1-7;1;1;0;0
132;APPROVED;P-4-18;1;1;1;1
133;PRINT_FAILED;P-5-0;1;1;1;0
134;APPROVED;P-5-1;1;1;1;1
135;REJECTED;P-4-19;1;1;0;0
136;APPROVED;P-0-8;1;1;1;1
137;APPROVED;P-5-3;1;1;1;1
138;APPROVED;P-5-2;1;1;1;1
139;DEFECTIVE;P-5-6;1;1;1;1
140;APPROVED;P-5-4;1;1;1;1
141;PRINT_FAILED;P-5-5;1;1;1;0
142;PRINT_FAILED;P-5-7;1;1;1;0
143;APPROVED;P-1-9;1;1;1;1
144;APPROVED;P-5-8;1;1;1;1
145;APPROVED;P-1-10;1;1;1;1
146;APPROVED;P-5-10;1;1;1;1
147;DEFECTIVE;P-5-9;1;1;1;1
148;APPROVED;P-1-11;1;1;1;1
149;APPROVED;P-5-12;1;1;1;1
150;APPROVED;P-5-11;1;1;1;1
151;APPROVED;P-1-13;1;1;1;1
152;APPROVED;P-5-14;1;1;1;1
153;APPROVED;P-5-13;1;1;1;1
154;REJECTED;P-1-12;1;1;0;0
155;APPROVED;P-5-15;1;1;1;1
156;DEFECTIVE;P-5-16;1;1;1;1
157;APPROVED;P-0-9;1;1;1;1
158;APPROVED;P-5-18;1;1;1;1
159;APPROVED;P-5-17;1;1;1;1
160;REJECTED;P-5-19;1;1;0;0
161;REJECTED;P-6-1;1;1;0;0
162;REJECTED;P-6-0;1;1;0;0
163;PRINT_FAILED;P-6-2;1;1;1;0
164;DEFECTIVE;P-1-14;1;1;1;1
165;PRINT_FAILED;P-6-3;1;1;1;0
166;APPROVED;P-1-15;1;1;1;1
167;REJECTED;P-6-5;1;1;0;0
168;APPROVED;P-6-4;1;1;1;1
169;APPROVED;P-1-17;1;1;1;1
170;APPROVED;P-6-6;1;1;1;1
171;PRINT_FAILED;P-0-11;1;1;1;0
172;DEFECTIVE;P-1-18;1;1;1;1
173;APPROVED;P-6-7;1;1;1;1
174;PRINT_FAILED;P-6-8;1;1;1;0
175;REJECTED;P-6-9;1;1;0;0
176;PRINT_FAILED;P-1-16;1;1;1;0
177;APPROVED;P-6-10;1;1;1;1
178;APPROVED;P-6-13;1;1;1;1
179;APPROVED;P-6-12;1;1;1;1
180;APPROVED;P-6-11;1;1;1;1
181;APPROVED;P-6-15;1;1;1;1
182;APPROVED;P-6-14;1;1;1;1
183;APPROVED;P-0-10;1;1;1;1
184;APPROVED;P-6-16;1;1;1;1
185;APPROVED;P-6-17;1;1;1;1
186;APPROVED;P-2-1;1;1;1;1
187;PRINT_FAILED;P-1-19;1;1;1;0
188;APPROVED;P-0-13;1;1;1;1
189;APPROVED;P-6-18;1;1;1;1
190;APPROVED;P-2-2;1;1;1;1
191;APPROVED;P-7-0;1;1;1;1
192;APPROVED;P-6-19;1;1;1;1
193;APPROVED;P-2-0;1;1;1;1
194;APPROVED;P-7-1;1;1;1;1
195;PRINT_FAILED;P-7-2;1;1;1;0
196;REJECTED;P-7-3;1;1;0;0
197;APPROVED;P-7-5;1;1;1;1
198;APPROVED;P-7-4;1;1;1;1
199;APPROVED;P-7-6;1;1;1;1
200;APPROVED;P-7-8;1;1;1;1
201;APPROVED;P-7-7;1;1;1;1
202;APPROVED;P-2-3;1;1;1;1
203;APPROVED;P-7-9;1;1;1;1
204;REJECTED;P-7-10;1;1;0;0
205;APPROVED;P-7-11;1;1;1;1
206;APPROVED;P-7-13;1;1;1;1
207;APPROVED;P-7-12;1;1;1;1
208;REJECTED;P-2-4;1;1;0;0
209;APPROVED;P-7-15;1;1;1;1
210;PRINT_FAILED;P-7-14;1;1;1;0
211;APPROVED;P-7-16;1;1;1;1
212;PRINT_FAILED;P-7-18;1;1;1;0
213;PRINT_FAILED;P-7-17;1;1;1;0
214;REJECTED;P-7-19;1;1;0;0
215;REJECTED;P-8-0;1;1;0;0
216;APPROVED;P-0-12;1;1;1;1
217;APPROVED;P-8-1;1;1;1;1
218;APPROVED;P-8-2;1;1;1;1
219;REJECTED;P-8-3;1;1;0;0
220;APPROVED;P-2-6;1;1;1;1
221;APPROVED;P-8-4;1;1;1;1
222;APPROVED;P-8-5;1;1;1;1
223;REJECTED;P-0-15;1;1;0;0
224;APPROVED;P-8-6;1;1;1;1
225;APPROVED;P-8-7;1;1;1;1
226;APPROVED;P-2-8;1;1;1;1
227;APPROVED;P-2-9;1;1;1;1
228;APPROVED;P-8-8;1;1;1;1
229;DEFECTIVE;P-2-7;1;1;1;1
230;APPROVED;P-8-9;1;1;1;1
231;REJECTED;P-8-10;1;1;0;0
232;APPROVED;P-0-14;1;1;1;1
233;APPROVED;P-8-11;1;1;1;1
234;REJECTED;P-8-12;1;1;0;0
235;REJECTED;P-8-13;1;1;0;0
236;APPROVED;P-8-14;1;1;1;1
237;APPROVED;P-8-15;1;1;1;1
238;APPROVED;P-2-10;1;1;1;1
239;DEFECTIVE;P-8-16;1;1;1;1
240;APPROVED;P-8-17;1;1;1;1
241;APPROVED;P-8-18;1;1;1;1
242;DEFECTIVE;P-8-19;1;1;1;1
243;APPROVED;P-9-0;1;1;1;1
244;PRINT_FAILED;P-2-11;1;1;1;0
245;APPROVED;P-2-13;1;1;1;1
246;APPROVED;P-9-1;1;1;1;1
247;APPROVED;P-9-2;1;1;1;1
248;APPROVED;P-9-3;1;1;1;1
249;REJECTED;P-9-4;1;1;0;0
250;APPROVED;P-0-17;1;1;1;1
251;APPROVED;P-9-5;1;1;1;1
252;APPROVED;P-9-6;1;1;1;1
253;APPROVED;P-9-7;1;1;1;1
254;APPROVED;P-9-8;1;1;1;1
255;APPROVED;P-9-9;1;1;1;1
256;APPROVED;P-2-12;1;1;1;1
257;APPROVED;P-2-16;1;1;1;1
258;APPROVED;P-9-10;1;1;1;1
259;APPROVED;P-2-14;1;1;1;1
260;APPROVED;P-9-11;1;1;1;1
261;APPROVED;P-9-12;1;1;1;1
262;APPROVED;P-9-13;1;1;1;1
263;REJECTED;P-9-14;1;1;0;0
264;APPROVED;P-9-15;1;1;1;1
265;REJECTED;P-0-18;1;1;0;0
266;APPROVED;P-9-16;1;1;1;1
267;APPROVED;P-9-17;1;1;1;1
268;PRINT_FAILED;P-2-19;1;1;1;0
269;REJECTED;P-9-18;1;1;0;0
270;PRINT_FAILED;P-9-19;1;1;1;0
271;APPROVED;P-2-17;1;1;1;1
272;APPROVED;P-2-18;1;1;1;1
273;DEFECTIVE;P-0-0;1;1;1;1
274;APPROVED;P-0-4;1;1;1;1
275;REJECTED;P-3-1;1;1;0;0
276;APPROVED;P-3-3;1;1;1;1
277;REJECTED;P-3-0;1;1;0;0
278;APPROVED;P-3-2;1;1;1;1
279;APPROVED;P-3-4;1;1;1;1
280;APPROVED;P-0-2;1;1;1;1
281;APPROVED;P-3-6;1;1;1;1
282;PRINT_FAILED;P-3-7;1;1;1;0
283;PRINT_FAILED;P-0-19;1;1;1;0
284;APPROVED;P-3-5;1;1;1;1
285;APPROVED;P-3-8;1;1;1;1
286;APPROVED;P-0-1;1;1;1;1
287;APPROVED;P-1-0;1;1;1;1
288;APPROVED;P-3-10;1;1;1;1
289;APPROVED;P-3-12;1;1;1;1
290;DEFECTIVE;P-3-14;1;1;1;1
291;APPROVED;P-3-13;1;1;1;1
292;APPROVED;P-1-1;1;1;1;1
293;APPROVED;P-3-16;1;1;1;1
294;APPROVED;P-0-3;1;1;1;1
295;APPROVED;P-3-15;1;1;1;1
296;APPROVED;P-3-17;1;1;1;1
297;APPROVED;P-3-18;1;1;1;1
298;APPROVED;P-3-19;1;1;1;1
299;REJECTED;P-1-2;1;1;0;0
300;APPROVED;P-4-1;1;1;1;1
301;REJECTED;P-4-2;1;1;0;0
302;APPROVED;P-4-3;1;1;1;1
303;APPROVED;P-1-6;1;1;1;1
304;APPROVED;P-4-6;1;1;1;1
305;APPROVED;P-0-5;1;1;1;1
306;APPROVED;P-4-4;1;1;1;1
307;REJECTED;P-4-5;1;1;0;0
308;APPROVED;P-1-5;1;1;1;1
309;APPROVED;P-4-7;1;1;1;1
310;APPROVED;P-4-9;1;1;1;1
311;REJECTED;P-4-14;1;1;0;0
312;APPROVED;P-4-10;1;1;1;1
313;APPROVED;P-4-12;1;1;1;1
314;APPROVED;P-4-13;1;1;1;1
315;REJECTED;P-4-15;1;1;0;0
316;APPROVED;P-4-17;1;1;1;1
317;APPROVED;P-1-7;1;1;1;1
318;DEFECTIVE;P-4-16;1;1;1;1
319;APPROVED;P-4-18;1;1;1;1
320;REJECTED;P-1-8;1;1;0;0
321;PRINT_FAILED;P-4-19;1;1;1;0
322;APPROVED;P-5-1;1;1;1;1
323;APPROVED;P-0-8;1;1;1;1
324;DEFECTIVE;P-5-2;1;1;1;1
325;APPROVED;P-5-3;1;1;1;1
326;PRINT_FAILED;P-5-4;1;1;1;0
327;APPROVED;P-5-6;1;1;1;1
328;APPROVED;P-1-9;1;1;1;1
329;APPROVED;P-5-8;1;1;1;1
330;APPROVED;P-1-10;1;1;1;1
331;APPROVED;P-5-10;1;1;1;1
332;APPROVED;P-5-9;1;1;1;1
333;APPROVED;P-1-11;1;1;1;1
334;REJECTED;P-5-11;1;1;0;0
335;APPROVED;P-5-12;1;1;1;1
336;APPROVED;P-1-12;1;1;1;1
337;APPROVED;P-1-13;1;1;1;1
338;APPROVED;P-5-13;1;1;1;1
339;DEFECTIVE;P-5-14;1;1;1;1
340;APPROVED;P-5-15;1;1;1;1
341;APPROVED;P-5-16;1;1;1;1
342;APPROVED;P-5-19;1;1;1;1
343;REJECTED;P-0-9;1;1;0;0
344;APPROVED;P-5-17;1;1;1;1
345;APPROVED;P-6-0;1;1;1;1
346;APPROVED;P-6-1;1;1;1;1
347;APPROVED;P-5-18;1;1;1;1
348;APPROVED;P-6-5;1;1;1;1
349;APPROVED;P-1-14;1;1;1;1
350;PRINT_FAILED;P-1-15;1;1;1;0
351;DEFECTIVE;P-6-4;1;1;1;1
352;REJECTED;P-1-17;1;1;0;0
353;APPROVED;P-6-6;1;1;1;1
354;REJECTED;P-1-18;1;1;0;0
355;PRINT_FAILED;P-6-9;1;1;1;0
356;APPROVED;P-6-7;1;1;1;1
357;APPROVED;P-6-10;1;1;1;1
358;APPROVED;P-6-12;1;1;1;1
359;APPROVED;P-6-11;1;1;1;1
360;APPROVED;P-0-10;1;1;1;1
361;APPROVED;P-6-13;1;1;1;1
362;PRINT_FAILED;P-6-14;1;1;1;0
363;REJECTED;P-6-16;1;1;0;0
364;APPROVED;P-6-15;1;1;1;1
365;REJECTED;P-6-17;1;1;0;0
366;APPROVED;P-2-1;1;1;1;1
367;APPROVED;P-6-18;1;1;1;1
368;APPROVED;P-0-13;1;1;1;1
369;APPROVED;P-2-2;1;1;1;1
370;APPROVED;P-6-19;1;1;1;1
371;REJECTED;P-7-0;1;1;0;0
372;REJECTED;P-7-3;1;1;0;0
373;APPROVED;P-2-0;1;1;1;1
374;PRINT_FAILED;P-7-4;1;1;1;0
375;APPROVED;P-7-1;1;1;1;1
376;APPROVED;P-7-5;1;1;1;1
377;PRINT_FAILED;P-7-6;1;1;1;0
378;REJECTED;P-7-10;1;1;0;0
379;APPROVED;P-7-7;1;1;1;1
380;APPROVED;P-2-3;1;1;1;1
381;APPROVED;P-7-8;1;1;1;1
382;APPROVED;P-7-9;1;1;1;1
383;APPROVED;P-2-4;1;1;1;1
384;REJECTED;P-7-11;1;1;0;0
385;APPROVED;P-7-13;1;1;1;1
386;APPROVED;P-7-12;1;1;1;1
387;APPROVED;P-7-19;1;1;1;1
388;APPROVED;P-7-15;1;1;1;1
389;PRINT_FAILED;P-7-16;1;1;1;0
390;APPROVED;P-8-0;1;1;1;1
391;APPROVED;P-0-12;1;1;1;1
392;APPROVED;P-8-3;1;1;1;1
393;APPROVED;P-8-1;1;1;1;1
394;APPROVED;P-8-2;1;1;1;1
395;APPROVED;P-2-6;1;1;1;1
396;APPROVED;P-0-15;1;1;1;1
397;APPROVED;P-8-4;1;1;1;1
398;APPROVED;P-8-5;1;1;1;1
399;APPROVED;P-8-6;1;1;1;1
400;APPROVED;P-8-7;1;1;1;1
401;APPROVED;P-2-8;1;1;1;1
402;APPROVED;P-2-9;1;1;1;1
403;APPROVED;P-8-8;1;1;1;1
404;APPROVED;P-8-10;1;1;1;1
405;DEFECTIVE;P-2-7;1;1;1;1
406;APPROVED;P-8-9;1;1;1;1
407;APPROVED;P-8-12;1;1;1;1
408;APPROVED;P-0-14;1;1;1;1
409;PRINT_FAILED;P-8-13;1;1;1;0
410;APPROVED;P-8-11;1;1;1;1
411;APPROVED;P-8-14;1;1;1;1
412;APPROVED;P-8-15;1;1;1;1
413;APPROVED;P-2-10;1;1;1;1
414;APPROVED;P-8-16;1;1;1;1
415;APPROVED;P-8-17;1;1;1;1
416;REJECTED;P-8-19;1;1;0;0
417;APPROVED;P-8-18;1;1;1;1
418;PRINT_FAILED;P-9-0;1;1;1;0
419;APPROVED;P-9-1;1;1;1;1
420;DEFECTIVE;P-2-13;1;1;1;1
421;PRINT_FAILED;P-9-4;1;1;1;0
422;REJECTED;P-9-3;1;1;0;0
423;APPROVED;P-9-2;1;1;1;1
424;DEFECTIVE;P-0-17;1;1;1;1
425;APPROVED;P-9-5;1;1;1;1
426;PRINT_FAILED;P-9-6;1;1;1;0
427;APPROVED;P-9-8;1;1;1;1
428;APPROVED;P-9-7;1;1;1;1
429;APPROVED;P-9-9;1;1;1;1
430;APPROVED;P-2-12;1;1;1;1
431;APPROVED;P-2-16;1;1;1;1
432;APPROVED;P-9-10;1;1;1;1
433;REJECTED;P-2-14;1;1;0;0
434;APPROVED;P-9-11;1;1;1;1
435;APPROVED;P-9-14;1;1;1;1
436;APPROVED;P-9-12;1;1;1;1
437;APPROVED;P-0-18;1;1;1;1
438;APPROVED;P-9-13;1;1;1;1
439;REJECTED;P-9-15;1;1;0;0
440;REJECTED;P-9-18;1;1;0;0
441;REJECTED;P-9-16;1;1;0;0
442;APPROVED;P-9-17;1;1;1;1
443;APPROVED;P-2-17;1;1;1;1
444;APPROVED;P-2-18;1;1;1;1
445;PRINT_FAILED;P-3-1;1;1;1;0
446;APPROVED;P-0-4;1;1;1;1
447;APPROVED;P-0-0;1;1;1;1
448;APPROVED;P-3-0;1;1;1;1
449;APPROVED;P-3-3;1;1;1;1
450;APPROVED;P-3-2;1;1;1;1
451;APPROVED;P-3-4;1;1;1;1
452;APPROVED;P-0-2;1;1;1;1
453;APPROVED;P-3-6;1;1;1;1
454;APPROVED;P-3-5;1;1;1;1
455;APPROVED;P-3-8;1;1;1;1
456;APPROVED;P-0-1;1;1;1;1
457;DEFECTIVE;P-1-0;1;1;1;1
458;APPROVED;P-3-10;1;1;1;1
459;APPROVED;P-3-12;1;1;1;1
460;DEFECTIVE;P-3-14;1;1;1;1
461;REJECTED;P-3-13;1;1;0;0
462;REJECTED;P-1-1;1;1;0;0
463;REJECTED;P-3-16;1;1;0;0
464;APPROVED;P-0-3;1;1;1;1
465;APPROVED;P-3-15;1;1;1;1
466;REJECTED;P-1-2;1;1;0;0
467;APPROVED;P-3-17;1;1;1;1
468;APPROVED;P-3-18;1;1;1;1
469;DEFECTIVE;P-4-2;1;1;1;1
470;APPROVED;P-3-19;1;1;1;1
471;APPROVED;P-4-1;1;1;1;1
472;APPROVED;P-4-3;1;1;1;1
473;APPROVED;P-1-6;1;1;1;1
474;APPROVED;P-4-6;1;1;1;1
475;APPROVED;P-4-5;1;1;1;1
476;PRINT_FAILED;P-0-5;1;1;1;0
477;REJECTED;P-4-4;1;1;0;0
478;APPROVED;P-1-5;1;1;1;1
479;PRINT_FAILED;P-4-14;1;1;1;0
480;APPROVED;P-4-7;1;1;1;1
481;APPROVED;P-4-9;1;1;1;1
482;REJECTED;P-4-10;1;1;0;0
483;APPROVED;P-4-15;1;1;1;1
484;APPROVED;P-4-12;1;1;1;1
485;REJECTED;P-4-13;1;1;0;0
486;APPROVED;P-4-17;1;1;1;1
487;APPROVED;P-1-8;1;1;1;1
488;APPROVED;P-1-7;1;1;1;1
489;APPROVED;P-4-18;1;1;1;1
490;REJECTED;P-4-16;1;1;0;0
491;APPROVED;P-5-1;1;1;1;1
492;APPROVED;P-0-8;1;1;1;1
493;APPROVED;P-5-2;1;1;1;1
494;APPROVED;P-5-3;1;1;1;1
495;APPROVED;P-5-6;1;1;1;1
496;DEFECTIVE;P-1-9;1;1;1;1
497;APPROVED;P-1-10;1;1;1;1
498;APPROVED;P-5-8;1;1;1;1
499;APPROVED;P-5-11;1;1;1;1
500;APPROVED;P-5-10;1;1;1;1
